label,member_id
loyal,C1030000012016
churn,C1011101240904
loyal,C1000100927831
churn,C0990100878770
loyal,C1020701168624
partial churn,C1030000015253
churn,C1000100946580
loyal,C0990100575846
churn,C1031201030939
partial churn,C1041001112186
loyal,C1030000013877
loyal,C1030000014492
churn,C1030000014461
partial churn,C1020701048582
churn,C1020701206289
partial churn,C1030000011255
loyal,C1000100122014
churn,C8101000015925
loyal,C1030000012467
churn,C1051201404066
partial churn,C1011101009792
loyal,C1030000014652
loyal,C8101000017547
loyal,C1031201268066
loyal,C1011101180514
churn,C1030000015277
churn,C1030000015284
churn,C1030000015260
partial churn,C1030000014669
churn,C1031201349291
loyal,C1011101290329
loyal,C1000100145259
churn,C1000100592527
churn,C1000100643038
loyal,C1031201733991
partial churn,C1030000015307
churn,C1030000015222
loyal,C1030000012511
churn,C1010201083466
loyal,C0990100801679
loyal,C1031201133340
churn,C1030000011910
churn,C1011101140709
loyal,C0990100115387
partial churn,C1031201701723
partial churn,C0990100665899
churn,C1000101118092
churn,C1030000015314
churn,C1011101133879
churn,C1020701191356
partial churn,C0990100368240
churn,C1011101228070
churn,C1020701122022
partial churn,C0980100290771
churn,C1000100148229
partial churn,C1030000014454
loyal,C0990100587368
churn,C1031201151900
churn,C0990100441165
partial churn,C1031201860321
churn,C1020701162226
churn,C1031201231428
churn,C1030000015055
churn,C1051201455952
loyal,C1030000013228
loyal,C1031201214735
churn,C0990100321405
partial churn,C1031201661027
partial churn,C1031201500296
loyal,C0980100080464
churn,C1031201006460
churn,C0980100134532
churn,C0980100123420
loyal,C1031201290654
partial churn,C1020701239355
churn,C0990101111555
churn,C1031201563758
loyal,C1000100706740
partial churn,C0990100101199
loyal,C1031201842723
churn,C0990100896057
partial churn,C1000101085677
churn,C1030000012429
partial churn,C1011101125577
partial churn,C1000100984049
churn,C0990100283659
loyal,C1030000010050
loyal,C1031201829731
loyal,C1041001384293
loyal,C8101000011828
churn,C1020701043785
loyal,C1030000015321
loyal,C1011101101533
loyal,C1030000004783
partial churn,C1030000015338
churn,C1000100209128
loyal,C1000100013633
churn,C1030000008798
partial churn,C1010201089918
churn,C20190527042
churn,C1011101137877
churn,C0990100647000
loyal,C1011101058462
churn,C1020701031652
churn,C1000100317922
churn,C1020701043112
loyal,C1030000014799
churn,C1031201084253
partial churn,C1030000014584
partial churn,C1011101298905
loyal,C1011101054297
churn,C1030000010593
partial churn,C1000100813042
churn,C0990100566554
churn,C1030000015345
churn,C8101000009917
partial churn,C1000101004524
churn,C0990101014689
loyal,C1030000009351
churn,C1030000011941
partial churn,C0990100409035
partial churn,C1000100150598
churn,C0990100340628
churn,C1000100742854
churn,C8101000010203
churn,C1041001096394
churn,C1031201223621
churn,C1030000015352
churn,C1031201029322
partial churn,C1011101129384
loyal,C1000100984025
churn,C1030000013518
churn,C1030000011170
churn,C1031201746854
churn,C1031201744393
churn,C1030000015369
churn,C1041001010642
churn,C1020701173833
partial churn,C1041001516588
churn,C1031201505963
partial churn,C0980100283063
churn,C1011101291470
loyal,C1000100512587
churn,C1031201721967
loyal,C0990100332104
loyal,C1031201100083
loyal,C1000100392110
churn,C1030000014997
churn,C1030000013372
loyal,C1020701071160
churn,C0990100552816
partial churn,C1000100490281
churn,C1030000013938
churn,C1000101088302
churn,C1030000015376
partial churn,C1031201590495
loyal,C1030000013105
partial churn,C1020701011807
churn,C1020701013191
churn,C1031201812672
partial churn,C1031201641326
churn,C1010201220151
partial churn,C1020701164923
churn,C1031201659529
loyal,C1041001343276
partial churn,C8101000018483
churn,C1031201841184
churn,C1031201463553
churn,C8101000015321
loyal,C1031201425483
partial churn,C0990100655593
partial churn,C1030000015383
churn,C1031201392266
churn,C0990100285820
churn,C1030000011682
loyal,C1030000005032
churn,C1030000004608
loyal,C1000100428079
churn,C1020701206395
partial churn,C1000101085929
churn,C1041001214651
partial churn,C1000101068519
churn,C1010201262014
loyal,C1031201578424
churn,C1031201453103
partial churn,C1020701061895
churn,C1000100980386
loyal,C1011101252976
churn,C1011101169632
churn,C1031201508421
partial churn,C1020701161946
churn,C1020701163353
partial churn,C0990100655845
churn,C1031201660839
churn,C1031201140492
churn,C1020701250428
churn,C1051201496757
churn,C1030000006589
churn,C1031201345989
churn,C1031201345095
churn,C1041001002838
churn,C1041001386129
churn,C1041001570894
loyal,C0990100232671
churn,C1031201842501
churn,C0990100910487
churn,C0990100152634
churn,C1041001332997
loyal,C1030000013082
churn,C1031201169547
partial churn,C1041001560895
churn,C1030000012702
churn,C1030000015390
loyal,C1030000008170
churn,C1020701006889
loyal,C1030000008521
churn,C1031201537315
churn,C1011101056215
churn,C0990100349355
churn,C0980100255169
churn,C1041001029521
churn,C1000100743981
churn,C1030000015406
churn,C0990100176180
partial churn,C1000100888026
churn,C1031201348584
churn,C0990100583889
loyal,C1020701068337
partial churn,C1000101085769
partial churn,C0990100137983
loyal,C1041001156340
partial churn,C0990100606861
churn,C1031201593922
churn,C1051201447124
partial churn,C1000100505688
churn,C1020701160840
loyal,C1031201812627
partial churn,C1030000005209
loyal,C8101000014973
partial churn,C1031201055260
partial churn,C1030000003878
partial churn,C1030000011675
partial churn,C0990100447396
partial churn,C0990100760877
partial churn,C8101000006435
churn,C20190208108
partial churn,C1000101085639
churn,C1041001043220
churn,C1041001046382
churn,C1041001052215
loyal,C8101000009221
churn,C1031201430784
churn,C1051201263120
partial churn,C1031201195782
churn,C1051201160801
churn,C20200212010
partial churn,C0990100658099
loyal,C1000101085301
loyal,C1011101228438
churn,C0980100182915
churn,C1030000015437
churn,C1030000015413
loyal,C0980100243333
churn,C1041001149052
partial churn,C1031201859073
partial churn,C1000100982694
partial churn,C0980100214227
loyal,C1031201127561
churn,C1051201111469
partial churn,C0990100487651
loyal,C1031201198424
loyal,C1011101136672
churn,C1031201854672
churn,C1031201492324
partial churn,C1000100925608
partial churn,C1030000015420
churn,C1031201706032
loyal,C0990100310256
partial churn,C1041001175563
churn,C1030000015444
loyal,C1000100226378
churn,C1030000015451
churn,C1041001576810
loyal,C8101000012108
loyal,C1051201288314
churn,C1041001484597
churn,C1031201556446
churn,C0990100282256
churn,C1030000014416
churn,C20190415058
churn,C1000100811123
loyal,C0990100814167
partial churn,C1031201291217
loyal,C1041001539488
partial churn,C0980100083670
partial churn,C1051201087160
partial churn,C0990100997747
loyal,C0990100938641
churn,C1030000015468
loyal,C1011101127151
churn,C1041001415911
churn,C1041001072909
partial churn,C1020701140415
churn,C1000101021361
churn,C0980100023911
partial churn,C1031201842457
loyal,C0990100161001
churn,C0990100529078
churn,C1041001255890
loyal,C1000100945903
partial churn,C1031201022293
churn,C1020701208405
partial churn,C1020701263459
loyal,C1030000009658
churn,C1031201733885
loyal,C1031201482837
churn,C1041001365711
churn,C1051201383330
churn,C1041001402676
churn,C1031201347266
churn,C1031201384537
partial churn,C0990100844430
churn,C1051201256252
loyal,C1031201174879
churn,C1031201709996
churn,C1041001023611
partial churn,C0990100302169
churn,C1030000015475
partial churn,C1031201135184
churn,C1031201605816
churn,C1041001180215
churn,C1020701201314
churn,C20190118006
churn,C1030000015024
churn,C1031201395533
loyal,C8101000004943
loyal,C1020701030990
churn,C1031201025232
churn,C1031201441100
loyal,C1041001338258
churn,C1041001285392
partial churn,C1000100461410
loyal,C1000100972510
churn,C1031201652742
churn,C8101000004776
churn,C1051201102641
churn,C1031201539241
churn,C1030000015109
churn,C1030000011958
churn,C1030000015482
churn,C1031201054010
churn,C1051201311104
churn,C1051201036779
churn,C1051201310800
partial churn,C1030000003717
churn,C0990100880933
partial churn,C1011101010125
partial churn,C1011101298615
churn,C1030000015499
churn,C1051201520445
churn,C1011101140266
partial churn,C1041001163904
partial churn,C1031201564656
churn,C1031201764162
partial churn,C0990100287831
partial churn,C1000100126630
churn,C1000101195130
loyal,C8101000002925
churn,C1031201283083
partial churn,C1041001452909
churn,C1031201612333
churn,C1031201232623
churn,C0990100869044
loyal,C1030000006183
churn,C1030000015505
churn,C1051201074566
partial churn,C8101000001119
partial churn,C1051201161198
churn,C1000101184301
churn,C1041001091993
churn,C1030000015512
partial churn,C1030000014348
churn,C1030000014867
churn,C1031201772433
loyal,C1031201441858
loyal,C1000100299570
churn,C1000100814353
churn,C1000100299242
churn,C0990100632792
partial churn,C1030000015529
loyal,C1030000014836
partial churn,C1020701275070
churn,C1030000015536
churn,C1031201397384
partial churn,C1031201196017
churn,C1031201355674
churn,C1000100606330
churn,C1030000013280
churn,C1000101113905
churn,C0990101043955
churn,C0980100272746
churn,C20190114051
loyal,C1020701047530
churn,C1030000015543
partial churn,C1030000015550
churn,C1030000012580
partial churn,C1031201485616
loyal,C8101000016151
loyal,C1030000001720
loyal,C1031201256568
churn,C1031201382762
churn,C0990101139283
partial churn,C1000100599595
churn,C1011101138652
churn,C1020701015713
partial churn,C0990100607806
partial churn,C1011101182167
churn,C1030000015567
partial churn,C1030000004127
loyal,C0990100831386
partial churn,C1011101011269
churn,C1031201409520
loyal,C1000100615103
partial churn,C1031201044165
churn,C1031201322263
churn,C1031201895644
churn,C8101000002611
partial churn,C0980100153045
partial churn,C1000100795935
partial churn,C1030000011422
loyal,C20190315021
partial churn,C1000100775654
churn,C1031201704786
churn,C1030000013648
loyal,C1031201494618
partial churn,C1020701160062
partial churn,C1031201324175
churn,C1031201259361
partial churn,C1051201086712
churn,C1000100447292
partial churn,C1031201861021
churn,C0990200012258
churn,C0990100646836
partial churn,C1030000014768
loyal,C1000100845326
churn,C1041001582446
loyal,C8101000004349
churn,C1000100122151
loyal,C1020701180954
churn,C1000100395319
churn,C1051201029627
churn,C1000100932842
churn,C1030000015574
partial churn,C1031201807890
churn,C0990100442070
loyal,C1010201224227
loyal,C1020701216721
partial churn,C1020701188608
loyal,C1030000012610
churn,C1031201016063
loyal,C0990101124876
churn,C1030000015147
churn,C1041001302457
churn,C1011101025396
loyal,C1030000003939
churn,C1041001444621
churn,C1031201094627
partial churn,C1041001091030
churn,C1031201721776
partial churn,C8101000001140
partial churn,C1020701199567
partial churn,C1030000015581
churn,C1041001030169
partial churn,C0990100575280
churn,C20200403066
churn,C1020701196436
churn,C1030000012849
churn,C1041001151598
churn,C1030000008095
churn,C1000100681573
churn,C1030000008057
churn,C0980100131043
churn,C1030000015598
churn,C1041001141117
churn,C1030000014317
churn,C1041001187672
partial churn,C1000101089910
churn,C1031201017510
churn,C1031201479202
loyal,C0990100208171
churn,C0990100367380
partial churn,C1031201197083
churn,C1011101289927
churn,C1031201881456
churn,C0980100023010
churn,C1031201774208
partial churn,C0990100969072
partial churn,C1030000014522
partial churn,C1030000000815
churn,C8101000003007
partial churn,C1031201052733
loyal,C0990100178757
partial churn,C1020701035223
churn,C1020701083927
churn,C0990101091574
churn,C0990100830570
partial churn,C1030000014263
churn,C1020701033632
partial churn,C1000100331072
churn,C1031201683937
churn,C1031201790628
churn,C1030000015604
churn,C1011101291371
loyal,C1030000004776
partial churn,C1031201558457
partial churn,C1030000015611
churn,C1030000014966
partial churn,C1030000010746
partial churn,C1031201804493
churn,C1000100170114
partial churn,C1000100554846
loyal,C0990101152657
partial churn,C1000100088136
loyal,C1000100983714
partial churn,C1020701180541
churn,C0990100766817
partial churn,C8101000015574
partial churn,C1031201254540
partial churn,C1041001331372
churn,C1030000015628
churn,C1030000014072
partial churn,C1020701103342
churn,C0990100884375
loyal,C0990100336713
churn,C1020701026733
churn,C0990100853005
loyal,C1020701254051
partial churn,C1031201882750
churn,C1031201143929
churn,C1030000014973
churn,C0990100481208
churn,C1041001145900
loyal,C1031201109413
partial churn,C1030000013310
churn,C0990100672804
churn,C1041001058927
partial churn,C1030000009436
churn,C1041001564770
loyal,C1000100642383
loyal,C1020701126907
partial churn,C8101000002239
churn,C1030000015635
partial churn,C0990100382338
partial churn,C1030000012764
loyal,C0990101012265
churn,C1010201112012
churn,C0990100248405
partial churn,C1030000014980
churn,C1000100223957
churn,C1020701100198
loyal,C0990100864148
loyal,C1000101179284
partial churn,C1030000014706
partial churn,C1020701121766
loyal,C1031201321976
partial churn,C1031201003766
partial churn,C1031201778985
churn,C1031201003896
churn,C1031201566445
partial churn,C1000101088371
partial churn,C1051201188720
partial churn,C1020701067415
partial churn,C0990100396397
loyal,C0990101042514
churn,C1031201051101
churn,C0990101138705
partial churn,C1031201393706
churn,C1000101108666
churn,C0990101120731
loyal,C1011101195532
churn,C1000100261492
churn,C1041001468085
partial churn,C1041001232327
churn,C1030000015642
loyal,C1041001192904
loyal,C1031201556279
churn,C8101000009634
partial churn,C1031201778572
partial churn,C8101000017127
loyal,C1030000000877
churn,C1030000014010
churn,C0990100576591
churn,C1031201535090
partial churn,C0990100182150
partial churn,C1041001216457
churn,C1031201261845
partial churn,C1000100556666
churn,C1030000008569
partial churn,C1031201590556
loyal,C0990100281457
churn,C1000101127025
loyal,C1030000004875
partial churn,C1031201777971
loyal,C0990101039644
loyal,C0980100013721
churn,C1031201730358
partial churn,C1031201073028
partial churn,C0980100117856
churn,C1031201590235
churn,C1030000013211
churn,C1000100422428
partial churn,C1020701124507
partial churn,C1051201414454
churn,C1000100937625
churn,C1041001556836
churn,C8101000007050
churn,C20200126055
partial churn,C1020701035773
partial churn,C1000100636245
churn,C1031201704168
churn,C1030000013136
churn,C1000100217284
churn,C1030000010609
loyal,C1030000012757
churn,C1031201777445
partial churn,C20190529020
partial churn,C1031201248587
churn,C1030000014355
loyal,C0990100332579
loyal,C1000100220253
churn,C1031201135986
partial churn,C1000100294667
churn,C1051201380148
partial churn,C0990100874567
churn,C1030000010876
partial churn,C1041001383920
loyal,C1020701064544
loyal,C1000101082263
churn,C1031201804233
churn,C1051201181899
churn,C0990100243196
loyal,C1000101137727
partial churn,C1031201590884
loyal,C0990100764196
loyal,C1030000012986
churn,C1011101097713
partial churn,C8101000012511
loyal,C0990100603006
partial churn,C1020701106374
partial churn,C1011101299308
partial churn,C1031201722032
churn,C1041001059870
loyal,C1030000001119
churn,C1020701041064
churn,C1030000015031
loyal,C1031201221443
churn,C1011101176241
loyal,C1031201493505
partial churn,C0990100115448
churn,C0990100852602
partial churn,C0990100655753
churn,C1031201028424
churn,C1030000014041
churn,C1000100788104
partial churn,C1000100214665
partial churn,C1011101158599
partial churn,C1000100767161
partial churn,C1041001263178
partial churn,C1010201135035
churn,C0990101023605
loyal,C1030000015666
loyal,C0980100165055
churn,C1031201338929
loyal,C0980100154370
partial churn,C1031201118804
loyal,C1020701067460
partial churn,C1020701134339
churn,C1031201791502
churn,C1030000015673
loyal,C8101000004493
partial churn,C1000100082608
churn,C1030000015680
churn,C1031201860499
churn,C1020701188738
partial churn,C1030000015697
churn,C1041001247239
churn,C1041001401693
churn,C1030000015703
loyal,C0980100025830
churn,C8101000001485
churn,C0990100945564
partial churn,C1031201013710
churn,C1030000002628
churn,C1030000015710
partial churn,C1020701245028
churn,C1041001227149
churn,C0980100156053
churn,C1030000014805
churn,C0990100886904
churn,C0990101138248
churn,C1031201139809
loyal,C1051201235943
churn,C1011101296345
partial churn,C0990100561641
churn,C1031201064996
churn,C0990100555541
loyal,C1010201177981
churn,C0990200010094
loyal,C1030000014324
loyal,C0980100264055
loyal,C1031201281690
partial churn,C1030000007623
churn,C1031201566384
churn,C1031201676816
churn,C1031201028387
loyal,C1031201025454
partial churn,C1031201268912
churn,C1020701115369
loyal,C1030000015727
loyal,C0980100239978
churn,C1011101132834
partial churn,C1000100920429
partial churn,C0990100455094
churn,C1011101299124
loyal,C1031201020183
loyal,C1000100864440
loyal,C0980100287054
partial churn,C8101000009894
partial churn,C1020701180060
churn,C1010201288601
loyal,C1031201629553
churn,C0990100689925
loyal,C1000100207964
churn,C1031201170284
loyal,C20190605022
churn,C0980100100940
loyal,C1031201814812
churn,C1020701249118
loyal,C0990100462528
partial churn,C1031201160957
loyal,C0990100990717
partial churn,C1000100778044
partial churn,C0990100651533
loyal,C0990100416699
churn,C1000101085523
partial churn,C1031201283007
partial churn,C1030000015734
churn,C1020701181968
churn,C0990100793561
loyal,C1041001403420
churn,C1030000007838
churn,C1030000011354
churn,C1031201490863
partial churn,C0990101139788
loyal,C0990100705366
churn,C8101000007470
churn,C1030000015741
partial churn,C1030000015758
churn,C1020701209822
partial churn,C0990101174918
loyal,C1030000008545
churn,C1020701205879
churn,C0990100485251
churn,C1041001398269
churn,C1030000015765
churn,C20190831006
partial churn,C1030000008620
churn,C1000100963310
churn,C1030000008828
partial churn,C0990100548048
churn,C0990100613753
partial churn,C1031201481649
loyal,C0990100545023
churn,C0980100015510
partial churn,C0990100121968
churn,C1031201623698
partial churn,C1000100411071
loyal,C0990100440656
partial churn,C0990100268793
churn,C1031201776936
churn,C0990100369421
partial churn,C0990200000170
churn,C1000100223650
partial churn,C1031201170185
churn,C0980100172435
churn,C1041001344860
loyal,C1030000015772
churn,C1030000005629
churn,C1031201086714
loyal,C1031201537841
churn,C1000100810089
churn,C1030000015789
partial churn,C0990100602054
churn,C1051201370293
churn,C1030000002581
churn,C0990100588327
churn,C1051201244020
churn,C1031201737449
churn,C1020701217711
churn,C1051201349350
churn,C1031201253734
churn,C1030000015796
churn,C1051201453934
loyal,C1051201060705
churn,C1031201119931
loyal,C0980100038489
partial churn,C1030000006220
loyal,C1031201447973
churn,C1030000015802
partial churn,C1041001379787
churn,C1051201217390
partial churn,C1000100607429
churn,C1031201263726
churn,C1041001513808
churn,C1031201090223
partial churn,C20190216048
churn,C1031201271530
partial churn,C20190128016
churn,C1031201305655
churn,C1000100793726
churn,C1051201033839
partial churn,C1030000014676
churn,C1051201496924
churn,C1030000014775
churn,C1020701238082
partial churn,C1000100399034
loyal,C1020701108040
partial churn,C0980100120030
partial churn,C1000100089256
churn,C1010201105366
churn,C20190506026
churn,C1030000015048
loyal,C1041001369030
partial churn,C8101000007029
churn,C1030000015819
churn,C1030000011736
loyal,C1000100333649
loyal,C1000100420912
churn,C1031201800358
partial churn,C0980100285609
partial churn,C0990100183478
loyal,C1030000015833
partial churn,C0990100466588
partial churn,C1000100711942
partial churn,C0990100928598
churn,C1031201163224
churn,C1030000015826
partial churn,C1030000015840
partial churn,C1020701096941
churn,C1030000014256
partial churn,C0990101112866
partial churn,C8101000009986
partial churn,C0990100428999
churn,C1051201188409
loyal,C0980400001015
partial churn,C0980100090401
partial churn,C1031201711081
loyal,C1031201486927
churn,C1051201188799
partial churn,C1020701163278
churn,C1030000014485
churn,C1031201264341
churn,C1041001353152
partial churn,C1000100776767
churn,C1000100246796
churn,C1051201204642
partial churn,C0990100176883
partial churn,C1051201505596
churn,C1041001490574
churn,C1030000015871
churn,C1030000015864
churn,C1011101298462
churn,C1031201351966
churn,C1020701219975
churn,C1000100017952
churn,C0980100141981
loyal,C1020701062083
churn,C1030000013754
churn,C1041001383432
churn,C1030000015888
churn,C1051201064659
loyal,C1031201329804
partial churn,C1030000008132
churn,C0990100721236
churn,C1031201341820
loyal,C1000100465784
partial churn,C8101000017806
churn,C1041001154056
churn,C0990100630385
churn,C1030000015895
partial churn,C1011101241154
partial churn,C0980100135515
churn,C1030000015901
partial churn,C1041001437319
partial churn,C0990100706455
churn,C20190106041
partial churn,C1051201189314
partial churn,C0980100093907
partial churn,C1030000008910
partial churn,C1041001526150
churn,C1031201867825
partial churn,C0980100032302
loyal,C1030000015918
partial churn,C1000100640372
churn,C1051201189727
partial churn,C1041001512436
churn,C0990100878602
partial churn,C1030000005339
churn,C1031201833783
churn,C0980100204679
churn,C0990100549670
partial churn,C1031201568708
churn,C1030000014430
partial churn,C1000100644950
partial churn,C20190109092
churn,C1011101255953
churn,C1041001282315
partial churn,C1031201190459
churn,C1020701014822
partial churn,C1031201600989
churn,C1030000015925
partial churn,C1000100498386
churn,C1051201286747
churn,C1030000015932
churn,C1051201337258
churn,C1041001444843
churn,C1031201401579
churn,C1031201639484
churn,C1041001097476
partial churn,C1020701186543
churn,C1051201362748
partial churn,C1041001544239
loyal,C1030000015949
partial churn,C1031201461542
churn,C20190205057
churn,C1041001398337
churn,C1041001395688
churn,C1041001428577
churn,C1031201281744
loyal,C1020701020571
partial churn,C1000100981413
loyal,C1000101085257
partial churn,C1011101223457
loyal,C1031201118712
churn,C1051201578224
churn,C1030000015956
churn,C8101000014256
churn,C0990100630019
churn,C1031201227964
churn,C0990100355516
churn,C20181217091
partial churn,C1020701027990
churn,C1000100190372
churn,C1031201842341
churn,C0990100987410
partial churn,C1011101278112
partial churn,C1031201318990
churn,C1031201797832
loyal,C0990100574603
churn,C1031201391085
partial churn,C1051201155821
partial churn,C1041001437968
churn,C1000101103210
churn,C1030000015093
partial churn,C1000100921440
churn,C1030000015963
partial churn,C1020701066449
loyal,C0990100565700
partial churn,C1041001435728
partial churn,C1041001091252
churn,C1051201359595
churn,C1031201634861
loyal,C0990100692642
churn,C1031201715898
partial churn,C1041001289536
partial churn,C1051201166131
loyal,C1051201433318
churn,C1041001559158
churn,C1030000012931
churn,C1051201011769
churn,C1041001560550
churn,C1030000015970
churn,C0980100027506
churn,C1011101260988
loyal,C1030000013075
churn,C1030000013259
churn,C0990100906466
churn,C1000100558356
loyal,C1030000008835
partial churn,C1020701001174
churn,C0990100246050
loyal,C1041001402775
churn,C1020701189490
loyal,C1020701030075
partial churn,C1011101039232
churn,C0990101171313
churn,C1011101295362
churn,C1030000015994
churn,C1031201188708
churn,C1031201630078
churn,C0990200008602
churn,C1041001406445
partial churn,C0980100293529
churn,C1030000016007
loyal,C0980100229405
churn,C1020701066876
loyal,C1000100977256
churn,C1031201038973
churn,C1020701061543
partial churn,C1011101298103
churn,C1030000011712
churn,C1031201717458
churn,C1000100396521
churn,C1030000013808
loyal,C0990100904110
churn,C1031201760218
churn,C1030000005858
partial churn,C1030000007722
partial churn,C1000100127217
churn,C1031201336505
churn,C1031201027274
partial churn,C0990100450518
partial churn,C0990100801990
partial churn,C1011101241246
loyal,C0980100225988
churn,C1011101126260
loyal,C1011101009884
churn,C1020701155716
churn,C1030000016021
partial churn,C1030000014171
churn,C0980400000254
churn,C1030000016014
churn,C0980100214654
churn,C1030000016038
partial churn,C1030000004356
churn,C1000100719788
loyal,C0990101033635
loyal,C1011101140471
loyal,C1030000014027
partial churn,C1030000015291
churn,C0990100122187
churn,C1030000016045
loyal,C1000100983998
partial churn,C1011101059216
loyal,C1030000014904
partial churn,C1000100673134
churn,C0990100377815
churn,C0990100355585
partial churn,C1011101155895
loyal,C1030000014508
partial churn,C1031201594691
partial churn,C1011101114601
partial churn,C1031201865449
partial churn,C1031201719131
churn,C1041001365049
loyal,C20190601034
churn,C1030000016052
churn,C1030000015079
churn,C8101000005100
churn,C0990100218279
churn,C1000100027098
partial churn,C1030000011101
partial churn,C1000100699028
churn,C0980100228026
churn,C1031201392594
partial churn,C0980100063320
partial churn,C1031201780162
partial churn,C1041001422070
churn,C0990100202971
partial churn,C1041001180420
churn,C0990100239298
churn,C0990100656842
partial churn,C8101000004417
churn,C1020701289244
churn,C1030000015130
churn,C0980100077099
churn,C1031201519229
loyal,C1010201265671
churn,C1011101228223
churn,C1041001512511
churn,C1031201269001
partial churn,C1031201432115
loyal,C1031201103435
churn,C1031201694773
partial churn,C1041001560567
partial churn,C1000100080062
churn,C1030000016069
loyal,C1031201721028
partial churn,C1030000012054
churn,C1030000004868
churn,C0990100317569
partial churn,C1000100061412
loyal,C1020701058581
loyal,C1030000013945
partial churn,C1000100130750
churn,C1020701118216
loyal,C1030000011361
churn,C0990100536793
loyal,C0980100240721
partial churn,C1030000007999
churn,C1030000016083
churn,C0990100751042
partial churn,C1011101120060
churn,C1020701251289
partial churn,C1031201277839
partial churn,C1030000013457
churn,C1030000016076
loyal,C1030000016090
churn,C1011101142703
loyal,C1000100526768
partial churn,C8101000012399
churn,C1041001482173
partial churn,C1000100834351
churn,C1031201588447
partial churn,C1031201283793
partial churn,C0990100211218
churn,C0990100930508
churn,C1031201451895
loyal,C1041001443402
churn,C1020701163216
churn,C1051201094892
churn,C1030000015185
partial churn,C1041001436404
partial churn,C1020701004724
churn,C1041001569768
loyal,C1030000013907
partial churn,C1011101174421
churn,C1051201167879
churn,C0990100890604
churn,C1051201494920
partial churn,C1031201141888
partial churn,C1031201073998
partial churn,C1051201168739
churn,C1031201525800
partial churn,C0990100630392
partial churn,C1030000008309
partial churn,C0990100727818
partial churn,C1020701200386
partial churn,C1030000016106
partial churn,C0990101035592
loyal,C1000100088778
partial churn,C0990100907142
churn,C0990101171801
churn,C1031201610001
loyal,C1000100257679
churn,C1000100643045
partial churn,C1051201114699
churn,C1041001027701
partial churn,C1030000008149
churn,C0990100365287
partial churn,C0990100442155
churn,C20191018031
churn,C1020701145649
churn,C1030000007982
churn,C1041001488236
partial churn,C1031201529570
churn,C1031201722926
partial churn,C1030000013051
churn,C1000100396057
churn,C1041001157910
churn,C1030000016113
loyal,C1031201021005
churn,C1030000016120
churn,C8101000005049
churn,C1011101051593
partial churn,C1000100981307
loyal,C0990100937798
churn,C0990100207228
loyal,C1000100595313
churn,C1011101233975
churn,C1030000010715
partial churn,C1031201338073
loyal,C1031201266222
partial churn,C1030000016137
churn,C1030000013839
partial churn,C8101000015338
partial churn,C0980100002763
churn,C0990100560316
churn,C1031201892810
loyal,C0990100939303
churn,C0990101162632
partial churn,C1031201815857
churn,C1000100251011
churn,C1030000008200
partial churn,C1041001440418
churn,C1031201056212
churn,C1030000012566
churn,C1000101173480
loyal,C1031201727181
churn,C1000100560366
churn,C0990100643286
loyal,C8101000017912
partial churn,C1030000008873
loyal,C8101000004882
churn,C1000100580777
churn,C0990100484186
partial churn,C1031201445375
churn,C0980100506728
loyal,C1011101138324
churn,C4711916014536
churn,C1000100045283
partial churn,C1030000014409
churn,C0980100082307
churn,C1020701112924
churn,C1031201319065
churn,C20200120089
churn,C1000101182055
churn,C1030000016151
partial churn,C1030000014393
churn,C1041001391086
partial churn,C1020701115994
churn,C1030000016144
partial churn,C1020701108538
partial churn,C0980100081386
partial churn,C1041001383807
partial churn,C1011101178610
partial churn,C20190424038
churn,C0990100303715
churn,C1030000012337
churn,C1041001049499
churn,C0990100939150
churn,C1041001004870
churn,C1031201565141
churn,C1031201016438
partial churn,C20201022101
loyal,C1000100644790
loyal,C0990100441417
partial churn,C1041001559868
partial churn,C1000100982830
partial churn,C1000100112145
churn,C1020701163391
churn,C1031201244756
loyal,C0990100388200
churn,C1030000016168
churn,C1000101048351
churn,C1000100541488
churn,C1031201330244
churn,C1011101144257
partial churn,C1000100974699
churn,C1030000016175
churn,C1030000003731
partial churn,C8101000006695
churn,C1000100635620
loyal,C1000100667089
partial churn,C1031201027359
churn,C1000100466293
churn,C0990100315596
loyal,C1000100756653
churn,C1031201283854
churn,C1031201099875
churn,C1041001345225
partial churn,C1041001393226
churn,C1030000016182
partial churn,C1000100385532
loyal,C1051201315157
churn,C1030000016199
churn,C1030000016205
partial churn,C0990100206832
churn,C0990100418471
partial churn,C1020701061406
churn,C0990100126291
churn,C20181223200
partial churn,C1041001346543
churn,C0990100793738
partial churn,C1020701082906
partial churn,C1030000016212
partial churn,C1011101259470
partial churn,C1041001137080
churn,C1041001286924
churn,C1000100675770
churn,C1030000014744
churn,C1031201322768
churn,C1030000016229
churn,C1041001290440
churn,C1041001428089
partial churn,C1030000016236
churn,C1011101227813
partial churn,C1041001311152
loyal,C1051201188447
partial churn,C1030000014751
partial churn,C1031201890380
loyal,C1020701234626
churn,C1031201375191
loyal,C1041001099470
partial churn,C0990100658587
churn,C0990100113000
churn,C1031201280945
partial churn,C1000100319858
churn,C1000100377940
partial churn,C1030000016243
churn,C1041001567078
loyal,C1020701110272
churn,C1031201360593
churn,C1020701166569
partial churn,C1020701235555
churn,C1051201130507
churn,C1011101184482
partial churn,C1041001387843
partial churn,C1000100162034
partial churn,C1000100889238
churn,C1031201103114
churn,C0980100000509
churn,C0990100453182
loyal,C1031201566698
churn,C1031201793520
partial churn,C1030000015246
churn,C1011101111938
churn,C8101000013808
partial churn,C1020701161496
churn,C1030000016250
churn,C1030000016267
churn,C1031201072885
loyal,C0980100043223
churn,C1030000016274
churn,C1031201283021
churn,C1031201810180
churn,C1011101129032
churn,C0980100073015
churn,C1030000008804
churn,C0990100415685
churn,C0990100304613
churn,C20190530074
churn,C1051201333748
partial churn,C1030000010951
churn,C1051201096629
loyal,C1051201373270
churn,C1051201260082
partial churn,C1041001425606
churn,C1000100399812
churn,C1051201415697
partial churn,C0980100281786
churn,C1000100939889
churn,C1031201782074
churn,C1030000016281
churn,C1000100680774
loyal,C0990100589348
churn,C20190424087
churn,C1051201393278
churn,C1000100323275
partial churn,C1020701063950
partial churn,C1030000001010
partial churn,C1041001287822
partial churn,C1030000015857
churn,C1000100652160
churn,C1020701036817
churn,C1041001295520
churn,C1000100612607
churn,C1051201414362
partial churn,C1051201424682
churn,C1030000014515
churn,C1031201729628
loyal,C1011101057212
churn,C1030000016304
churn,C1031201875400
churn,C1031201594271
loyal,C20190202076
churn,C1030000016298
churn,C1000100160030
partial churn,C1030000016311
churn,C1031201220552
churn,C0990100800719
churn,C1030000015659
churn,C1020701028485
partial churn,C1020701261196
churn,C1000100674629
churn,C0980100042035
churn,C1041001222137
churn,C20190114071
churn,C1041001354845
churn,C1031201459822
churn,C0990100208102
churn,C1000100245911
churn,C1051201574028
partial churn,C20190122058
churn,C20190521017
churn,C1041001556911
loyal,C0990101136817
partial churn,C20190106149
churn,C1041001501706
churn,C0990100213359
churn,C1000100016061
partial churn,C1030000016328
churn,C1020701245448
churn,C1030000016335
churn,C1031201887441
churn,C1030000016366
partial churn,C1030000013983
churn,C1020701141344
churn,C1000100181332
churn,C1031201016872
churn,C1030000016359
churn,C0990100575945
churn,C1051201046617
churn,C1000100128962
churn,C1020701072082
churn,C0990100551772
churn,C1000100984148
partial churn,C1031201054904
churn,C1051201158334
churn,C1030000016380
churn,C1030000013655
churn,C1051201260648
churn,C1000100968766
partial churn,C1011101090998
churn,C20191019082
churn,C1030000016373
churn,C1051201586076
churn,C1030000011033
churn,C1031201053723
churn,C0990101084675
partial churn,C1051201058351
partial churn,C1051201127941
partial churn,C1000100730936
churn,C1020701083521
partial churn,C1030000016397
churn,C1030000006466
churn,C1031201064224
churn,C1041001588530
partial churn,C0980100192600
churn,C0990100705700
churn,C1030000016403
churn,C0980100225391
partial churn,C0990100437304
churn,C20190130036
partial churn,C0990100512667
partial churn,C1051201128900
churn,C1031201601429
loyal,C1031201096584
partial churn,C1011101244759
partial churn,C1041001114685
churn,C1031201849210
churn,C1051201087702
churn,C1041001303720
churn,C1031201649674
churn,C1051201162324
churn,C1031201050128
churn,C1051201162126
partial churn,C1041001525696
churn,C1051201420356
churn,C1000100636931
partial churn,C1010201085453
partial churn,C1030000016410
churn,C1031201092807
churn,C1051201088990
churn,C20190318007
churn,C1031201585484
churn,C20191208097
churn,C0990200015853
churn,C1041001294042
partial churn,C1000100833408
churn,C1031201293150
churn,C1010201268160
churn,C1030000016427
churn,C1030000016434
churn,C1051201051031
churn,C1000100248059
loyal,C0980100168308
churn,C1000100675855
churn,C1020701037395
partial churn,C0980100268695
churn,C1000100040226
churn,C1030000016458
churn,C0980100060749
churn,C1000100981697
churn,C1030000016441
churn,C1000100641171
partial churn,C1000101039489
partial churn,C1000100295893
churn,C1041001028968
churn,C1051201096261
churn,C0980100115814
partial churn,C20190608195
churn,C0980100137762
partial churn,C1031201729291
churn,C1031201847483
churn,C20190918070
partial churn,C1041001586581
churn,C1031201408134
churn,C0980100157760
churn,C1041001424197
churn,C1031201829359
partial churn,C1030000009405
churn,C1041001103610
churn,C20190111065
partial churn,C1000100633039
churn,C0990100489945
partial churn,C1051201403342
churn,C1030000016496
churn,C0980100290177
churn,C0990100804069
loyal,C1031201254991
loyal,C1041001566613
churn,C1000100403885
churn,C1030000016465
churn,C1030000016489
churn,C1030000012269
churn,C1030000016472
churn,C1030000016502
churn,C0980100109387
churn,C0980100065232
churn,C0980100242893
partial churn,C0990100302480
churn,C0990100630415
partial churn,C1031201198486
partial churn,C1041001588509
partial churn,C1011101234255
partial churn,C1000100637310
churn,C1020701209952
churn,C1011101288685
churn,C1020701152814
partial churn,C0990100878336
churn,C1011101177033
partial churn,C1030000008989
partial churn,C1031201545334
loyal,C1041001358294
partial churn,C0990100283123
churn,C1031201208000
churn,C1020701181562
partial churn,C0990100458057
churn,C1031201244282
partial churn,C1041001391697
partial churn,C1020701107098
partial churn,C0990101062796
churn,C1030000016519
churn,C1030000016526
loyal,C1031201350099
loyal,C1031201066730
churn,C1011101127083
partial churn,C1000101044186
partial churn,C1031201512343
churn,C1000100312446
partial churn,C0990100968099
partial churn,C0990100426919
partial churn,C1031201025119
churn,C1041001459755
loyal,C1020701031539
churn,C1031201051897
churn,C1031201081382
churn,C0990100939815
partial churn,C0990100339134
churn,C1030000016533
churn,C0980400001299
churn,C1031201358750
partial churn,C1041001066571
churn,C1020701002249
partial churn,C0990101057235
churn,C1041001276468
churn,C1030000016540
churn,C1051201010861
partial churn,C1041001293625
churn,C0980100078768
partial churn,C1000101196946
partial churn,C8101000014317
churn,C0990200016898
partial churn,C1020701201536
churn,C1030000016557
churn,C1031201618700
churn,C0990100366253
loyal,C1041001274457
churn,C1000100791470
churn,C1041001176423
churn,C1051201237510
churn,C1030000010814
churn,C1041001486584
churn,C1031201092067
churn,C1020701165951
churn,C1031201218283
churn,C20190602124
partial churn,C0990101144973
churn,C20200302098
churn,C1000100125367
partial churn,C1051201029412
partial churn,C1051201211831
churn,C1031201458924
churn,C1041001470767
churn,C1020701174946
loyal,C1030000016571
partial churn,C1030000016564
churn,C1051201060064
churn,C1031201578141
churn,C1031201083157
loyal,C0990100428098
churn,C20200501029
churn,C0990100795756
churn,C1020701019704
churn,C1051201331799
partial churn,C1041001093867
churn,C1051201073309
partial churn,C1041001547858
partial churn,C1020701020212
churn,C1031201606714
partial churn,C8101000013433
partial churn,C1030000014850
churn,C20200111104
churn,C1031201353212
churn,C20190622170
partial churn,C1041001019362
partial churn,C1030000016588
partial churn,C1051201344737
churn,C1031201698962
partial churn,C1011101106835
churn,C1031201866873
churn,C0990100939242
partial churn,C1020701263398
churn,C0990100412905
churn,C1031201299503
partial churn,C1041001336605
churn,C1041001099555
churn,C1030000016595
loyal,C1041001548954
churn,C1051201323350
churn,C1051201407678
churn,C1031201817394
churn,C1041001504318
churn,C1030000005919
churn,C1041001352865
partial churn,C1000100626109
partial churn,C1030000016601
churn,C1031201834858
churn,C0990100197499
loyal,C1010201194940
partial churn,C1051201444840
partial churn,C0990100561405
churn,C0990100218286
churn,C1051201219813
partial churn,C1031201051651
churn,C1041001054929
churn,C1051201557144
partial churn,C20191210045
churn,C1031201686341
partial churn,C1010201089383
churn,C1030000016618
churn,C1000100755212
churn,C1000100857626
churn,C20200730083
churn,C1030000016625
churn,C1031201805889
loyal,C1000100693736
loyal,C1010201120260
partial churn,C1030000016632
partial churn,C1000100420820
churn,C1041001404502
churn,C1030000006169
churn,C0990101119780
churn,C1030000016649
loyal,C1000100174495
partial churn,C1000100447629
partial churn,C1031201451192
churn,C0990100419485
churn,C1000100698229
churn,C1020701070729
churn,C1020701202342
churn,C0980100135843
churn,C20200430023
churn,C20200116091
churn,C0990100116063
partial churn,C0990100598302
churn,C1030000016656
churn,C1031201822244
churn,C1030000016663
churn,C1041001573147
churn,C20200127081
partial churn,C1031201454308
loyal,C1030000016670
partial churn,C8101000011095
churn,C1031201727884
churn,C1030000012832
churn,C0990100571572
partial churn,C0990100627729
churn,C1030000016694
loyal,C0990101096128
loyal,C1010201083497
churn,C0990100207235
churn,C1000100361864
churn,C1031201033343
partial churn,C1030000010692
churn,C1000100747415
churn,C1051201591346
partial churn,C1011101224515
churn,C1051201207315
churn,C0990100690389
loyal,C1000100129556
churn,C1000100790367
churn,C1000100616599
churn,C1030000016700
partial churn,C0990100428647
churn,C1000101013502
partial churn,C1030000015239
churn,C1031201725613
churn,C1031201140805
partial churn,C1031201491266
partial churn,C0980100185381
partial churn,C1000100101743
loyal,C0990100939686
partial churn,C1011101244476
churn,C0990100744433
partial churn,C1041001404557
churn,C0990100634635
churn,C1031201724838
churn,C20190228107
churn,C1031201693820
partial churn,C1030000010395
partial churn,C0990100142901
churn,C0990100274107
churn,C1011101229596
churn,C1031201440691
churn,C1041001179479
churn,C1051201126746
churn,C1041001093089
loyal,C1000100420875
churn,C1031201257954
churn,C20191203010
churn,C20191221095
churn,C1041001108622
churn,C1031201028639
churn,C20190111104
churn,C1031201815642
partial churn,C1051201164250
churn,C1041001543614
loyal,C1030000016717
partial churn,C0990100779718
churn,C1031201688253
partial churn,C1010201020478
churn,C1051201594613
churn,C1041001528963
churn,C1030000016724
churn,C20191220034
churn,C20191015037
churn,C1041001354814
churn,C1030000016731
churn,C1031201428408
partial churn,C1000100714189
partial churn,C1011101167911
churn,C1030000016748
loyal,C1020701254211
churn,C1031201255806
churn,C0990100673689
churn,C20200913157
churn,C1030000016755
partial churn,C1020701236118
churn,C1051201040899
partial churn,C1031201743136
loyal,C20181210022
loyal,C1011101143212
churn,C0990100580253
churn,C1030000016762
partial churn,C1051201381749
churn,C0990100881992
churn,C1031201794237
churn,C0980100103873
churn,C1031201730273
partial churn,C1011101121609
partial churn,C0980100101176
churn,C1041001001565
churn,C1041001498358
partial churn,C20210307139
churn,C1000100977485
churn,C1051201204970
partial churn,C0990100565403
loyal,C1041001518384
churn,C1041001438323
churn,C1031201728256
partial churn,C20190122064
churn,C1020701108095
partial churn,C20191115061
churn,C1051201558868
churn,C1051201133652
churn,C1051201277271
churn,C1000100642512
churn,C1041001530003
churn,C0990101146618
partial churn,C1051201453798
churn,C1020701124996
churn,C20190618027
loyal,C1051201568157
churn,C1051201108704
churn,C1030000016779
loyal,C1051201085272
churn,C20190621055
churn,C1031201798785
churn,C1030000016786
churn,C1030000016793
loyal,C20190714066
churn,C20200504004
churn,C20200608068
churn,C1051201109862
churn,C20200118073
churn,C1051201089973
churn,C1031201190732
churn,C1011101125959
churn,C1010201166183
partial churn,C1030000016809
partial churn,C0980100000967
loyal,C1000100101736
churn,C1030000016816
churn,C1051201090887
churn,C20190830048
churn,C20200317040
churn,C1031201347372
churn,C20191121069
churn,C1030000016823
churn,C1041001189362
churn,C1051201022314
churn,C1051201158518
churn,C1031201157490
churn,C20200119101
churn,C1030000016830
churn,C1051201438290
churn,C20200603044
partial churn,C0990100573439
churn,C20200610029
churn,C1030000016847
churn,C20200222039
churn,C0990101174956
partial churn,C1010201184521
churn,C1030000016854
churn,C1031201132138
churn,C1051201513591
churn,C1030000016861
churn,C1031201741187
partial churn,C1041001287693
partial churn,C1051201238944
churn,C1031201265645
partial churn,C1031201090193
loyal,C1041001169494
churn,C1031201352697
loyal,C1020701206791
churn,C20200105077
churn,C1010201024704
churn,C20191013118
churn,C20200621149
churn,C1010201147816
partial churn,C1031201160889
loyal,C0990100217425
loyal,C0990100695827
partial churn,C1041001395176
churn,C1041001176089
churn,C1000100361833
churn,C1051201155531
churn,C1030000016878
partial churn,C1031201715362
churn,C1051201107387
churn,C1031201777483
partial churn,C1041001084025
loyal,C0990100382802
churn,C0990100714788
partial churn,C1041001201064
partial churn,C1051201087252
churn,C1041001091474
churn,C20200429034
churn,C1000100060200
partial churn,C1041001292697
churn,C1051201089133
loyal,C1031201191227
churn,C1020701145113
churn,C1031201358330
churn,C20200505123
churn,C1020701061260
partial churn,C8101000010944
churn,C1041001512290
churn,C0990100706097
churn,C20200221043
churn,C1030000016885
churn,C20181225020
churn,C20181217036
partial churn,C1000100863962
churn,C1051201061610
churn,C1051201086996
churn,C1030000016892
churn,C1000101085998
partial churn,C1041001145788
churn,C20181215016
churn,C1000100752983
partial churn,C1030000016908
churn,C1051201576169
churn,C1041001417724
churn,C1041001537385
churn,C1030000016915
loyal,C1051201285139
churn,C1051201263809
partial churn,C0990101148612
partial churn,C20190906042
churn,C20190304051
partial churn,C0990100416941
churn,C20190202011
loyal,C1030000007968
churn,C0990100633584
churn,C1031201658201
churn,C20200112035
churn,C20181107058
churn,C1041001401310
partial churn,C1041001338708
partial churn,C1011101294433
churn,C1020701165104
loyal,C20181206043
partial churn,C1030000016939
churn,C1041001251724
loyal,C1051201087504
churn,C1031201454285
churn,C20190505073
loyal,C1020701184570
churn,C1051201494234
churn,C1020701195613
churn,C20190509087
churn,C20210716057
churn,C1041001260023
partial churn,C1031201865678
partial churn,C1041001426061
partial churn,C1010201268719
churn,C1020701061727
partial churn,C1030000016946
partial churn,C1031201761697
churn,C20200229001
churn,C1041001157880
churn,C20210311073
churn,C20191215025
partial churn,C1020701139891
partial churn,C0990100882494
churn,C1011101184437
loyal,C0990100680472
partial churn,C1041001099036
partial churn,C0990100788116
churn,C20200126028
partial churn,C20200109056
churn,C20200319084
churn,C8101000008095
loyal,C1051201409900
churn,C1031201058216
loyal,C20200624006
churn,C20210628016
loyal,C20190107007
loyal,C1030000016953
churn,C1010201181049
churn,C20191221078
churn,C1051201106366
partial churn,C1031201280136
partial churn,C1030000016960
loyal,C8101000005858
churn,C0990101115959
loyal,C1030000016977
churn,C1030000009337
churn,C1051201334783
loyal,C20200426034
partial churn,C0990101140258
churn,C20200318033
churn,C1041001198487
loyal,C1031201814966
churn,C1051201162195
churn,C1011101153860
loyal,C1051201407807
churn,C1011101284052
loyal,C1030000017004
loyal,C1030000017011
partial churn,C1041001173620
churn,C1030000016991
churn,C20190901121
churn,C1030000017028
loyal,C1041001385153
churn,C1011101133961
churn,C1030000017035
churn,C1041001425996
partial churn,C20200728029
churn,C1031201016957
churn,C1030000017042
loyal,C0990100484506
partial churn,C1041001093300
partial churn,C0990100279904
churn,C0990100966392
churn,C1030000017066
partial churn,C1030000017059
partial churn,C1030000017073
loyal,C20190612032
churn,C1000100666891
churn,C1030000017080
churn,C1000100171159
churn,C1051201068114
loyal,C20200101036
churn,C1041001412606
churn,C1030000017097
partial churn,C0990100567162
churn,C1011101106323
churn,C1031201634762
loyal,C1051201168265
churn,C1000100646350
partial churn,C1041001564305
churn,C1030000017103
churn,C1011101298974
churn,C20200705080
churn,C1030000017110
churn,C1031201323819
churn,C0980100107147
churn,C20190303084
loyal,C1010201274420
churn,C1031201653299
partial churn,C1041001573000
churn,C1031201028462
partial churn,C1051201386287
churn,C1031201402927
churn,C1041001046160
partial churn,C1041001103290
partial churn,C0980100015565
churn,C1031201265300
partial churn,C0980100157418
churn,C20200328068
churn,C1030000017134
partial churn,C1030000017158
partial churn,C1031201675567
churn,C1031201349215
churn,C20200402059
churn,C1041001208339
churn,C20190113149
partial churn,C1030000017141
churn,C20181023005
churn,C1000100980669
churn,C20190128083
churn,C0990100652691
churn,C20200926037
loyal,C1030000017172
loyal,C1030000017165
partial churn,C1031201683272
churn,C0980100063276
churn,C1030000013822
partial churn,C1000101182819
loyal,C1030000017196
churn,C1031201194105
partial churn,C1030000017189
partial churn,C1051201530734
churn,C1051201006802
churn,C1030000017202
partial churn,C1030000017219
partial churn,C0980100153748
partial churn,C1041001439603
partial churn,C1031201451420
churn,C1030000017226
churn,C1031201390767
churn,C0990100110993
churn,C1041001301870
partial churn,C1030000013976
churn,C1051201206875
churn,C1030000017233
churn,C0990100353529
churn,C0990100118418
churn,C1031201140065
partial churn,C0990100631306
partial churn,C1051201592190
churn,C1011101193767
partial churn,C20190323030
partial churn,C20200822105
partial churn,C20190831087
partial churn,C1041001522626
churn,C20180913063
partial churn,C1031201669207
churn,C0990100130472
churn,C1051201317274
partial churn,C1031201525367
churn,C1031201281614
churn,C20201117028
churn,C1030000017240
churn,C20200531112
partial churn,C1051201563138
partial churn,C0980100224813
churn,C20190107001
churn,C20191113032
churn,C20191120042
churn,C20201112101
partial churn,C20190807015
churn,C1041001560109
churn,C1000100673561
churn,C1031201345491
churn,C20200103072
churn,C1031201439473
churn,C1031201861458
partial churn,C1030000017257
churn,C1031201572279
churn,C1041001497351
churn,C1031201805117
churn,C1030000017264
churn,C0990100115509
churn,C1031201161961
churn,C20191210060
partial churn,C20201107202
partial churn,C1041001364325
churn,C0990100286162
churn,C20201114221
partial churn,C0990100842863
churn,C0980100121167
partial churn,C0980100057770
churn,C0980100026431
churn,C1041001357150
partial churn,C0990100957239
partial churn,C1051201593364
churn,C1031201502757
loyal,C1030000008927
churn,C1041001122413
partial churn,C20191124016
churn,C1030000017271
churn,C1030000017288
partial churn,C1041001436831
churn,C1000100793160
churn,C20180822148
partial churn,C1041001285316
partial churn,C1011101229985
loyal,C1041001188815
churn,C20200126064
churn,C1051201284231
churn,C1031201667708
churn,C1051201099217
partial churn,C1030000017295
partial churn,C1031201485500
partial churn,C1030000017325
churn,C1030000017318
churn,C1031201169714
partial churn,C0990100980909
churn,C1041001205697
churn,C0990100580888
partial churn,C20180909021
churn,C0980100135409
churn,C1031201543194
churn,C1030000017332
churn,C1031201327862
churn,C0990101034175
churn,C1041001542327
churn,C1031201382731
churn,C1000100565309
churn,C1051201542171
partial churn,C0980100243531
churn,C20181003024
churn,C1041001149069
churn,C1000100274836
churn,C1020701097207
churn,C20190622091
loyal,C1051201365909
churn,C20200816217
partial churn,C0990100603808
churn,C1041001567146
loyal,C1031201190718
loyal,C20210416029
partial churn,C1030000017349
churn,C1030000017356
partial churn,C20200210004
partial churn,C20200930034
partial churn,C1041001168527
loyal,C0980100033071
churn,C1010201275922
churn,C0980100208615
loyal,C1051201253497
churn,C1011101289606
churn,C1031201790031
churn,C1011101175381
loyal,C20201120068
partial churn,C1051201496030
churn,C0990200015808
churn,C1041001260948
churn,C1011101087691
churn,C1031201164092
churn,C20200314032
churn,C20200308102
partial churn,C1031201349871
churn,C1020701066920
churn,C20190227047
churn,C20200301146
partial churn,C20200813029
churn,C1031201117708
churn,C1031201838160
churn,C1031201397087
churn,C0990100434389
churn,C0980100266554
partial churn,C1030000017387
churn,C1031201135498
churn,C1030000017370
churn,C0990101158246
partial churn,C1031201875622
churn,C0990100387166
churn,C1000101083109
churn,C20191013094
churn,C1031201404365
churn,C1031201352871
churn,C0990100171314
churn,C1041001049161
churn,C1000101164037
partial churn,C20200908007
partial churn,C1031201426961
churn,C20191229010
churn,C1031201338936
churn,C1030000017394
churn,C1031201803960
churn,C0990100493522
churn,C1051201386461
partial churn,C1041001049697
churn,C1000100207407
churn,C1041001082991
partial churn,C1031201590686
churn,C1051201555034
churn,C0980100114220
churn,C1030000012078
partial churn,C20191206007
partial churn,C8101000015956
churn,C20191204014
loyal,C1030000011491
churn,C0990100930034
churn,C20200901098
partial churn,C1041001555396
churn,C1031201647885
partial churn,C1030000005216
partial churn,C1011101183768
churn,C1031201321709
churn,C1030000017400
churn,C1041001537033
churn,C1031201322874
churn,C0990200006059
churn,C1031201723657
churn,C1030000017417
churn,C20191130115
churn,C20181010129
churn,C1031201867344
partial churn,C20190602090
churn,C0990100152924
partial churn,C1051201127644
churn,C1000100527260
partial churn,C0990100380266
partial churn,C1031201852135
partial churn,C1031201662956
churn,C1031201036054
churn,C1000101150023
partial churn,C1000100746074
partial churn,C1031201856720
churn,C1031201368186
churn,C1041001077744
churn,C1030000017424
churn,C1041001030459
churn,C1031201723138
partial churn,C1031201635646
churn,C1031201424448
churn,C1041001293205
churn,C20200718017
partial churn,C1041001206229
churn,C1031201723947
churn,C1041001300552
churn,C1051201234915
partial churn,C0990100522079
churn,C0980100011840
churn,C1051201252391
churn,C0980100180553
partial churn,C1030000014621
churn,C0990100232541
churn,C1030000017431
partial churn,C1041001025042
partial churn,C0990100366529
churn,C1011101287725
churn,C0990100486401
partial churn,C0990100281341
churn,C1030000017448
churn,C1030000017455
partial churn,C0980100118587
churn,C1041001461802
churn,C20190121008
churn,C1041001002661
churn,C1041001466388
churn,C0990100757303
churn,C1020701012347
churn,C1031201320207
partial churn,C1030000017462
churn,C0990100430824
churn,C0980100108908
churn,C1000100224527
partial churn,C1051201292007
churn,C0990100847875
partial churn,C1030000017479
partial churn,C1051201263229
churn,C1051201358680
partial churn,C20180906068
partial churn,C8101000016021
churn,C1041001495852
partial churn,C1010201193318
partial churn,C20190927064
loyal,C1000100617107
churn,C1020701166019
partial churn,C1011101227387
loyal,C1030000016984
churn,C20190813099
churn,C1031201172936
loyal,C1030000017486
partial churn,C1000100766409
churn,C20190611056
churn,C20190521015
churn,C1020701206814
churn,C1051201392660
churn,C1020701137774
partial churn,C1000100522128
churn,C1051201116198
churn,C1031201102582
churn,C1031201772648
loyal,C1030000017493
partial churn,C20181111059
churn,C1051201162614
partial churn,C0990100331251
churn,C1030000017516
churn,C20181010122
churn,C1051201478401
churn,C1051201006215
partial churn,C1030000017509
churn,C1051201479545
churn,C20190421091
partial churn,C1041001084780
loyal,C1030000017523
churn,C20191127070
churn,C1030000017561
partial churn,C1041001441521
churn,C1030000017578
loyal,C1030000017585
partial churn,C1041001287839
partial churn,C1030000017592
churn,C1041001198463
churn,C20190331001
churn,C20181212040
partial churn,C1051201506135
churn,C0990101084194
partial churn,C20200822126
loyal,C1041001082267
churn,C1030000017608
churn,C1011101247101
churn,C1041001263888
partial churn,C20200222074
churn,C1031201501620
churn,C1030000017639
partial churn,C1030000013419
churn,C1041001145993
churn,C1031201428286
churn,C1031201823173
churn,C1041001017450
churn,C1051201367576
churn,C1000100750026
churn,C20190222089
partial churn,C1030000017615
loyal,C1030000017622
churn,C1000100519302
churn,C1030000017646
churn,C1030000017653
loyal,C1020701106800
churn,C1041001191570
churn,C20210117188
churn,C20201005020
churn,C1030000017660
churn,C20200916043
churn,C1030000014959
churn,C20191105059
partial churn,C1030000017677
partial churn,C1031201341738
churn,C20190907050
churn,C0990100922633
churn,C1051201572482
churn,C1031201133371
churn,C20190808077
churn,C20200101145
partial churn,C1030000014829
churn,C20200517083
churn,C20191025055
churn,C1031201135634
partial churn,C0990100969829
churn,C1051201272351
churn,C0980100248598
partial churn,C20200920097
churn,C1010201179275
loyal,C1030000017684
churn,C0990100360107
churn,C0990100246968
churn,C1000100200026
partial churn,C1020701215946
churn,C20200715041
churn,C20200616049
churn,C1031201255431
churn,C1031201345132
churn,C1030000013662
churn,C8101000010074
churn,C0990100998362
loyal,C1030000017691
churn,C0980100506880
partial churn,C1030000017530
churn,C1000100813943
churn,C1041001391468
churn,C1030000017714
churn,C20210613039
churn,C1030000017721
churn,C1030000017738
churn,C20200803040
churn,C1031201145008
churn,C1031201580106
churn,C1031201188746
churn,C1010201093205
partial churn,C20200807039
loyal,C1011101279690
churn,C1020701107630
loyal,C0990100172564
partial churn,C1020701117165
partial churn,C1030000017752
partial churn,C1030000017769
partial churn,C1030000005285
partial churn,C1030000017776
churn,C1031201152228
partial churn,C1030000017790
churn,C1031201659130
churn,C0990100108266
churn,C20190504060
churn,C1000100034492
churn,C1031201366441
churn,C0990100347122
churn,C0990100683213
churn,C1031201862738
churn,C20201017088
churn,C1030000017783
churn,C20200819110
churn,C1030000017806
churn,C1031201345651
partial churn,C20200824096
churn,C1041001288850
partial churn,C20200825042
churn,C1020701142495
churn,C1030000012047
partial churn,C1030000017745
churn,C1030000017813
partial churn,C1011101006937
churn,C1030000002819